;MELHOR GLOBAL;MELHOR LOCAL
0;;47173.14544629853
1;47173.14544629853;50545.80707775784
2;47173.14544629853;44807.642307339076
3;44807.642307339076;54616.89150991421
4;44807.642307339076;48144.47977615415
5;44807.642307339076;47722.30307973826
6;44807.642307339076;47171.37119844281
7;44807.642307339076;49349.33882129057
8;44807.642307339076;56045.745529121916
9;44807.642307339076;44333.87100974607
