;MELHOR GLOBAL;MELHOR LOCAL
0;;188149.61099168577
1;188149.61099168577;180623.02838079812
2;180623.02838079812;195956.4144303988
3;180623.02838079812;174793.87512147884
4;174793.87512147884;180287.17732872404
5;174793.87512147884;179372.14724275286
6;174793.87512147884;175656.00583992992
7;174793.87512147884;174650.69341774052
8;174650.69341774052;186325.346092503
9;174650.69341774052;193450.55470997922
