;MELHOR GLOBAL;MELHOR LOCAL
0;;56033.4662131645
1;56033.4662131645;42161.86547079568
2;42161.86547079568;38888.70442564298
3;38888.70442564298;55644.91752722768
4;38888.70442564298;52707.82461126309
5;38888.70442564298;49200.98881597454
6;38888.70442564298;49873.668407650024
7;38888.70442564298;64549.82975386637
8;38888.70442564298;46492.79159204018
9;38888.70442564298;44472.964293741505
