;MELHOR GLOBAL;MELHOR LOCAL
0;;10024.018688106435
1;10024.018688106435;9809.285226069536
2;9809.285226069536;9190.4305153852
3;9190.4305153852;10052.156806273846
4;9190.4305153852;10027.046947028544
5;9190.4305153852;9383.06948315515
6;9190.4305153852;10478.02133133575
7;9190.4305153852;9711.431376991324
8;9190.4305153852;10023.60926588093
9;9190.4305153852;10438.295589001389
